{
    "accuracy": 0.93,
    "confusion_matrix": [
        [
            29,
            0
        ],
        [
            7,
            64
        ]
    ],
    "classification_report": {
        "0": {
            "precision": 0.8055555555555556,
            "recall": 1.0,
            "f1-score": 0.8923076923076924,
            "support": 29.0
        },
        "1": {
            "precision": 1.0,
            "recall": 0.9014084507042254,
            "f1-score": 0.9481481481481482,
            "support": 71.0
        },
        "accuracy": 0.93,
        "macro avg": {
            "precision": 0.9027777777777778,
            "recall": 0.9507042253521127,
            "f1-score": 0.9202279202279202,
            "support": 100.0
        },
        "weighted avg": {
            "precision": 0.9436111111111112,
            "recall": 0.93,
            "f1-score": 0.931954415954416,
            "support": 100.0
        }
    },
    "time_efficiency": {
        "training_time_sec": 0.019,
        "prediction_time_sec": 0.006971
    }
}